{
  "_id": "e0e63d5f-70fe-4759-9d52-85b3a2dc1754",
  "aiPersonaId": "086e94ad-5177-4c1c-9c2f-653838253829",
  "integrationId": "assess-portfolio-risk-3172",
  "name": "Workflow for Assess Portfolio Risk",
  "publisherAccountId": "72638163-e3b6-4677-b87d-4e36ed4bf664",
  "startTaskId": "c70ed2b2-20eb-4d9c-ac92-4b507965ea11",
  "status": "Active",
  "tasks": [
    {
      "_id": "c70ed2b2-20eb-4d9c-ac92-4b507965ea11",
      "transitions": [],
      "type": "Display",
      "config": {
        "name": "Display",
        "description": "Display the response to the user",
        "type": "text",
        "text": "Hi there! Intent $input.intent has been matched"
      }
    }
  ],
  "type": "Conversational",
  "version": "latest"
}