{
  "_id": "0d570920-559a-49bf-ad5b-6325b1e31328",
  "aiPersonaId": "086e94ad-5177-4c1c-9c2f-653838253829",
  "integrationId": "explain-recommendations-3172",
  "name": "Workflow for Explain Recommendations",
  "publisherAccountId": "72638163-e3b6-4677-b87d-4e36ed4bf664",
  "startTaskId": "45bf8d18-44ea-4715-8dff-6567135354de",
  "status": "Active",
  "tasks": [
    {
      "_id": "45bf8d18-44ea-4715-8dff-6567135354de",
      "transitions": [],
      "type": "Display",
      "config": {
        "name": "Display",
        "description": "Display the response to the user",
        "type": "text",
        "text": "Hi there! Intent $input.intent has been matched"
      }
    }
  ],
  "type": "Conversational",
  "version": "latest"
}