{
  "_id": "10a478d3-5dec-48c6-9f17-2dd36c2e7898",
  "aiPersonaId": "086e94ad-5177-4c1c-9c2f-653838253829",
  "integrationId": "fetch-real-time-stock-data-3171",
  "name": "Workflow for Fetch Real-Time Stock Data",
  "publisherAccountId": "72638163-e3b6-4677-b87d-4e36ed4bf664",
  "startTaskId": "1743226439238",
  "status": "Active",
  "tasks": [
    {
      "_id": "1743226439238",
      "type": "Input",
      "config": {
        "description": "Take user input",
        "name": "Input",
        "type": "string"
      },
      "transitions": [
        {
          "name": "Default",
          "_id": "1743226439238-1743226572924",
          "nextTask": "1743226572924"
        }
      ],
      "globalVariables": [
        {
          "name": "stock_symbol",
          "referencePath": "$output.userInput"
        }
      ]
    },
    {
      "_id": "1743226572924",
      "type": "APICall",
      "config": {
        "description": "Make an API call",
        "name": "API Call",
        "url": "https://www.alphavantage.co/query",
        "data": "",
        "dataFormat": "raw",
        "rawDataFormatType": "text",
        "headers": [],
        "params": [
          {
            "key": "function",
            "value": "GLOBAL_QUOTE"
          },
          {
            "key": "symbol",
            "value": "AAPL"
          },
          {
            "key": "apikey",
            "value": "PQKVR7CR8E1C90JI"
          }
        ],
        "method": "GET"
      },
      "transitions": [
        {
          "name": "Default",
          "_id": "1743226572924-1743236561818",
          "nextTask": "1743236561818"
        }
      ],
      "globalVariables": [
        {
          "name": "api_response",
          "referencePath": "$output.data"
        }
      ]
    },
    {
      "_id": "1743236561818",
      "type": "Output",
      "config": {
        "description": "Output messages in conversation",
        "name": "Output",
        "text": "$agent.api_response",
        "type": "external",
        "formattingInstructions": ""
      },
      "transitions": []
    }
  ],
  "type": "Conversational",
  "version": "latest",
  "reactflow": {
    "viewport": {
      "x": 148.8091146701339,
      "y": 48.92651878028596,
      "zoom": 0.8306551575701486
    },
    "nodes": [
      {
        "id": "0",
        "type": "Start",
        "position": {
          "x": 169.78869683758393,
          "y": 241.08929102886765
        },
        "data": {},
        "deletable": false,
        "measured": {
          "width": 296,
          "height": 136
        },
        "selected": false
      },
      {
        "position": {
          "x": 560.1488183814461,
          "y": 269.3229237125139
        },
        "type": "Input",
        "id": "1743226439238",
        "data": {},
        "measured": {
          "width": 260,
          "height": 78
        },
        "selected": false,
        "dragging": false
      },
      {
        "position": {
          "x": 887.1196956004321,
          "y": 276.54613775665626
        },
        "type": "APICall",
        "id": "1743226572924",
        "data": {},
        "measured": {
          "width": 260,
          "height": 78
        },
        "selected": false,
        "dragging": false
      },
      {
        "position": {
          "x": 887.1196956004321,
          "y": 583.0491087130745
        },
        "type": "Output",
        "id": "1743236561818",
        "data": {},
        "measured": {
          "width": 306,
          "height": 78
        },
        "selected": false,
        "dragging": false
      }
    ],
    "edges": [
      {
        "id": "0-1743226439238",
        "type": "Start",
        "source": "0",
        "target": "1743226439238",
        "markerEnd": {
          "type": "arrowclosed",
          "width": 22,
          "height": 22
        },
        "sourceHandle": "0-source-1",
        "targetHandle": "1743226439238-target-1",
        "selected": false
      },
      {
        "type": "Transition",
        "id": "1743226439238-1743226572924",
        "source": "1743226439238",
        "target": "1743226572924",
        "markerEnd": {
          "type": "arrowclosed",
          "width": 22,
          "height": 22
        },
        "sourceHandle": "1743226439238-source-2",
        "targetHandle": "1743226572924-target-1",
        "selected": false
      },
      {
        "type": "Transition",
        "id": "1743226572924-1743236561818",
        "source": "1743226572924",
        "target": "1743236561818",
        "markerEnd": {
          "type": "arrowclosed",
          "width": 22,
          "height": 22
        },
        "sourceHandle": "1743226572924-source-3",
        "targetHandle": "1743236561818-target-2",
        "selected": false
      }
    ]
  }
}