{
  "_id": "779d7ba2-09fc-492f-a3c7-f30dc66b0eaa",
  "aiPersonaId": "086e94ad-5177-4c1c-9c2f-653838253829",
  "integrationId": "ma-investment-advisory-1342-primary-workflow-for-investment-advisory",
  "isMiniAgentPrimaryWorkflow": true,
  "name": "Primary Workflow for Investment Advisory",
  "publisherAccountId": "72638163-e3b6-4677-b87d-4e36ed4bf664",
  "startTaskId": "4579474e-0805-4a89-b6db-6756e78c78ed",
  "status": "Active",
  "tasks": [
    {
      "_id": "4579474e-0805-4a89-b6db-6756e78c78ed",
      "type": "PassThrough",
      "config": {
        "name": "Pass Through",
        "description": "Pass through the input to the output"
      },
      "transitions": [
        {
          "_id": "a57aa081-572e-4943-8656-68ca67c2f29c-4579474e-0805-4a89-b6db-6756e78c78ed",
          "nextTask": "a57aa081-572e-4943-8656-68ca67c2f29c",
          "name": "If query doesnt exists",
          "rules": [
            {
              "type": "any",
              "operator": "notExists",
              "path": "$output.query"
            }
          ]
        },
        {
          "_id": "5a57572b-cb22-4b1d-9aad-63f6d94d0b4c-4579474e-0805-4a89-b6db-6756e78c78ed",
          "nextTask": "5a57572b-cb22-4b1d-9aad-63f6d94d0b4c",
          "name": "If intents are already classified",
          "rules": [
            {
              "type": "any",
              "operator": "exists",
              "path": "$output.intents"
            },
            {
              "type": "any",
              "operator": "exists",
              "path": "$output.query"
            }
          ]
        },
        {
          "_id": "4579474e-0805-4a89-b6db-6756e78c78ed-1bf12f99-ddbe-4e26-b9cc-487aaffa9cda",
          "name": "If query exists",
          "nextTask": "1bf12f99-ddbe-4e26-b9cc-487aaffa9cda",
          "rules": [
            {
              "type": "any",
              "operator": "exists",
              "path": "$output.query"
            },
            {
              "type": "any",
              "operator": "notExists",
              "path": "$output.intents"
            }
          ]
        }
      ],
      "globalVariables": [
        {
          "name": "query",
          "referencePath": "$input.query"
        },
        {
          "name": "rawQuery",
          "referencePath": "$input.rawQuery"
        },
        {
          "name": "conversationId",
          "referencePath": "$input.conversationId"
        }
      ]
    },
    {
      "_id": "a57aa081-572e-4943-8656-68ca67c2f29c",
      "type": "Input",
      "config": {
        "name": "User Input",
        "description": "Get user input",
        "type": "string"
      },
      "transitions": [
        {
          "_id": "a57aa081-572e-4943-8656-68ca67c2f29c-1bf12f99-ddbe-4e26-b9cc-487aaffa9cda",
          "name": "Default",
          "nextTask": "1bf12f99-ddbe-4e26-b9cc-487aaffa9cda"
        }
      ],
      "globalVariables": [
        {
          "name": "query",
          "referencePath": "$output.userInput"
        },
        {
          "name": "rawQuery",
          "referencePath": "$output.userInput"
        },
        {
          "name": "selfLoopMiniAgent",
          "referencePath": "true"
        }
      ]
    },
    {
      "_id": "1bf12f99-ddbe-4e26-b9cc-487aaffa9cda",
      "type": "Loader",
      "config": {
        "name": "Loader",
        "description": "Display loader message",
        "type": "loader",
        "text": "Just a moment... identifying the best approach to assist you."
      },
      "transitions": [
        {
          "_id": "1bf12f99-ddbe-4e26-b9cc-487aaffa9cda-10bb52be-1f05-42c6-8e8a-502ecd1158d1",
          "name": "Default",
          "nextTask": "10bb52be-1f05-42c6-8e8a-502ecd1158d1"
        }
      ]
    },
    {
      "_id": "10bb52be-1f05-42c6-8e8a-502ecd1158d1",
      "type": "IntentClassification",
      "config": {
        "name": "Intent Classification",
        "description": "Classify the intent of the user message",
        "modelId": "4cf651d9-edf3-455f-a22e-53cc67fcc07b",
        "intents": [
          {
            "name": "Fetch Real-Time Stock Data",
            "description": "Retrieves the latest stock data and trends using the Alpha Vantage API.",
            "examples": [
              "Get the latest stock prices for Apple.",
              "What are the current trends in the tech sector?",
              "Fetch real-time data for Tesla stocks."
            ]
          },
          {
            "name": "Suggest Stocks",
            "description": "Recommends stocks based on the user's risk appetite and current market conditions using XGBoost and UPTIQ RAG Model.",
            "examples": [
              "Suggest some low-risk stocks for me.",
              "What stocks should I invest in given the current market?",
              "Recommend stocks for a high-risk portfolio."
            ]
          },
          {
            "name": "Summarize News and Sector Insights",
            "description": "Provides summaries of the latest news and insights into various market sectors.",
            "examples": [
              "Summarize the latest news in the energy sector.",
              "What are the key insights from today's market news?",
              "Give me a summary of tech industry news."
            ]
          },
          {
            "name": "Assess Portfolio Risk",
            "description": "Analyzes the user's portfolio to assess risk using AI-driven analysis.",
            "examples": [
              "Assess the risk of my current investment portfolio.",
              "How risky is my stock portfolio?",
              "Analyze my investments for potential risks."
            ]
          },
          {
            "name": "Explain Recommendations",
            "description": "Explains stock recommendations using technical and fundamental factors in simple terms.",
            "examples": [
              "Why do you recommend investing in Amazon?",
              "Explain the reasoning behind your stock suggestions.",
              "What technical factors support your stock recommendation?"
            ]
          }
        ],
        "query": "$agent.query"
      },
      "transitions": [
        {
          "_id": "10bb52be-1f05-42c6-8e8a-502ecd1158d1-5a57572b-cb22-4b1d-9aad-63f6d94d0b4c",
          "name": "If Intent is Matched",
          "rules": [
            {
              "type": "string",
              "operator": "equal",
              "path": "$output.intentMatched",
              "value": "true"
            }
          ],
          "nextTask": "5a57572b-cb22-4b1d-9aad-63f6d94d0b4c"
        },
        {
          "_id": "10bb52be-1f05-42c6-8e8a-502ecd1158d1-08afe4d3-437b-4630-947e-58b44c0a6a76",
          "name": "If No Intent is Matched",
          "rules": [
            {
              "type": "string",
              "operator": "equal",
              "path": "$output.intentMatched",
              "value": "false"
            }
          ],
          "nextTask": "08afe4d3-437b-4630-947e-58b44c0a6a76"
        }
      ]
    },
    {
      "_id": "5a57572b-cb22-4b1d-9aad-63f6d94d0b4c",
      "type": "JSFunction",
      "config": {
        "name": "JS Function",
        "description": "Execute JS function",
        "code": "\nconst main = () => {\n    const currentExecutionId = _id;\n    const intents = agent?.icIntents?.[currentExecutionId] || input.intents;\n    const currentIndex = agent?.icLoopIndexes?.[currentExecutionId] || 0;\n    const currentIntent = intents[currentIndex] || {};\n    const { intent, task } = currentIntent;\n    const state = currentIndex === intents.length ? 'end' : 'continue'\n    const icLoopIndexes = { ...(agent?.icLoopIndexes || {}), [_id]: state === 'end' ? undefined : currentIndex + 1 };\n    const icIntents = { ...(agent?.icIntents || {}), [_id]: state === 'end' ? undefined : intents };\n    return { ...input, intent, state: currentIndex === intents.length ? 'end' : 'continue', icLoopIndexes, icIntents, query: task };\n};\n\nmain()\n"
      },
      "globalVariables": [
        {
          "referencePath": "$output.icLoopIndexes",
          "name": "icLoopIndexes"
        },
        {
          "referencePath": "$output.icIntents",
          "name": "icIntents"
        }
      ],
      "transitions": [
        {
          "_id": "5a57572b-cb22-4b1d-9aad-63f6d94d0b4c-51639eea-af20-4af0-b1eb-5ae33bf5ecb2",
          "name": "If Intent is Matched",
          "rules": [
            {
              "type": "string",
              "operator": "equal",
              "path": "$output.intent",
              "value": "Fetch Real-Time Stock Data"
            }
          ],
          "nextTask": "51639eea-af20-4af0-b1eb-5ae33bf5ecb2"
        },
        {
          "_id": "5a57572b-cb22-4b1d-9aad-63f6d94d0b4c-f6c6fd4b-5869-4558-b9eb-990c292f9d90",
          "name": "If Intent is Matched",
          "rules": [
            {
              "type": "string",
              "operator": "equal",
              "path": "$output.intent",
              "value": "Suggest Stocks"
            }
          ],
          "nextTask": "f6c6fd4b-5869-4558-b9eb-990c292f9d90"
        },
        {
          "_id": "5a57572b-cb22-4b1d-9aad-63f6d94d0b4c-ed482f6d-89d5-4a52-b39c-c96ef7c42105",
          "name": "If Intent is Matched",
          "rules": [
            {
              "type": "string",
              "operator": "equal",
              "path": "$output.intent",
              "value": "Summarize News and Sector Insights"
            }
          ],
          "nextTask": "ed482f6d-89d5-4a52-b39c-c96ef7c42105"
        },
        {
          "_id": "5a57572b-cb22-4b1d-9aad-63f6d94d0b4c-bb6c3b10-37f7-49c6-8c1e-4089dcc507f4",
          "name": "If Intent is Matched",
          "rules": [
            {
              "type": "string",
              "operator": "equal",
              "path": "$output.intent",
              "value": "Assess Portfolio Risk"
            }
          ],
          "nextTask": "bb6c3b10-37f7-49c6-8c1e-4089dcc507f4"
        },
        {
          "_id": "5a57572b-cb22-4b1d-9aad-63f6d94d0b4c-9c0e871d-bfa7-4129-a02d-4336382838c0",
          "name": "If Intent is Matched",
          "rules": [
            {
              "type": "string",
              "operator": "equal",
              "path": "$output.intent",
              "value": "Explain Recommendations"
            }
          ],
          "nextTask": "9c0e871d-bfa7-4129-a02d-4336382838c0"
        },
        {
          "_id": "5a57572b-cb22-4b1d-9aad-63f6d94d0b4c-a57aa081-572e-4943-8656-68ca67c2f29c",
          "name": "If Self Loop",
          "rules": [
            {
              "type": "string",
              "operator": "equal",
              "path": "$agent.selfLoopMiniAgent",
              "value": "true"
            },
            {
              "type": "string",
              "operator": "equal",
              "path": "$output.state",
              "value": "end"
            }
          ],
          "nextTask": "a57aa081-572e-4943-8656-68ca67c2f29c"
        }
      ]
    },
    {
      "_id": "51639eea-af20-4af0-b1eb-5ae33bf5ecb2",
      "type": "Workflow",
      "config": {
        "name": "Intent - Fetch Real-Time Stock Data",
        "description": "Workflow for intent - Fetch Real-Time Stock Data",
        "workflowId": "10a478d3-5dec-48c6-9f17-2dd36c2e7898"
      },
      "transitions": [
        {
          "_id": "51639eea-af20-4af0-b1eb-5ae33bf5ecb2-5a57572b-cb22-4b1d-9aad-63f6d94d0b4c",
          "name": "Mini agent execution completed",
          "nextTask": "5a57572b-cb22-4b1d-9aad-63f6d94d0b4c"
        }
      ]
    },
    {
      "_id": "f6c6fd4b-5869-4558-b9eb-990c292f9d90",
      "type": "Workflow",
      "config": {
        "name": "Intent - Suggest Stocks",
        "description": "Workflow for intent - Suggest Stocks",
        "workflowId": "7c7aee40-992b-4139-b691-0b0a50c0b9b8"
      },
      "transitions": [
        {
          "_id": "f6c6fd4b-5869-4558-b9eb-990c292f9d90-5a57572b-cb22-4b1d-9aad-63f6d94d0b4c",
          "name": "Mini agent execution completed",
          "nextTask": "5a57572b-cb22-4b1d-9aad-63f6d94d0b4c"
        }
      ]
    },
    {
      "_id": "ed482f6d-89d5-4a52-b39c-c96ef7c42105",
      "type": "Workflow",
      "config": {
        "name": "Intent - Summarize News and Sector Insights",
        "description": "Workflow for intent - Summarize News and Sector Insights",
        "workflowId": "ffba3114-cf6e-43bc-aef0-a10bf32c55c0"
      },
      "transitions": [
        {
          "_id": "ed482f6d-89d5-4a52-b39c-c96ef7c42105-5a57572b-cb22-4b1d-9aad-63f6d94d0b4c",
          "name": "Mini agent execution completed",
          "nextTask": "5a57572b-cb22-4b1d-9aad-63f6d94d0b4c"
        }
      ]
    },
    {
      "_id": "bb6c3b10-37f7-49c6-8c1e-4089dcc507f4",
      "type": "Workflow",
      "config": {
        "name": "Intent - Assess Portfolio Risk",
        "description": "Workflow for intent - Assess Portfolio Risk",
        "workflowId": "e0e63d5f-70fe-4759-9d52-85b3a2dc1754"
      },
      "transitions": [
        {
          "_id": "bb6c3b10-37f7-49c6-8c1e-4089dcc507f4-5a57572b-cb22-4b1d-9aad-63f6d94d0b4c",
          "name": "Mini agent execution completed",
          "nextTask": "5a57572b-cb22-4b1d-9aad-63f6d94d0b4c"
        }
      ]
    },
    {
      "_id": "9c0e871d-bfa7-4129-a02d-4336382838c0",
      "type": "Workflow",
      "config": {
        "name": "Intent - Explain Recommendations",
        "description": "Workflow for intent - Explain Recommendations",
        "workflowId": "0d570920-559a-49bf-ad5b-6325b1e31328"
      },
      "transitions": [
        {
          "_id": "9c0e871d-bfa7-4129-a02d-4336382838c0-5a57572b-cb22-4b1d-9aad-63f6d94d0b4c",
          "name": "Mini agent execution completed",
          "nextTask": "5a57572b-cb22-4b1d-9aad-63f6d94d0b4c"
        }
      ]
    },
    {
      "_id": "08afe4d3-437b-4630-947e-58b44c0a6a76",
      "transitions": [
        {
          "_id": "08afe4d3-437b-4630-947e-58b44c0a6a76-a57aa081-572e-4943-8656-68ca67c2f29c",
          "name": "If Self Loop",
          "rules": [
            {
              "type": "string",
              "operator": "equal",
              "path": "$agent.selfLoopMiniAgent",
              "value": "true"
            }
          ],
          "nextTask": "a57aa081-572e-4943-8656-68ca67c2f29c"
        }
      ],
      "type": "Output",
      "config": {
        "name": "Output",
        "description": "Output the response to the user",
        "type": "external",
        "text": "Unable to complete task $agent.query"
      }
    },
    {
      "_id": "719afc2a-1ea5-4fa4-82a3-b7821419586f",
      "transitions": [
        {
          "_id": "719afc2a-1ea5-4fa4-82a3-b7821419586f-a57aa081-572e-4943-8656-68ca67c2f29c",
          "name": "If Self Loop",
          "rules": [
            {
              "type": "string",
              "operator": "equal",
              "path": "$agent.selfLoopMiniAgent",
              "value": "true"
            }
          ],
          "nextTask": "a57aa081-572e-4943-8656-68ca67c2f29c"
        }
      ],
      "type": "Display",
      "config": {
        "name": "Display",
        "description": "Display the response to the user",
        "type": "text",
        "text": "$input.content"
      }
    }
  ],
  "type": "Conversational",
  "version": "latest"
}