{
  "_id": "7c7aee40-992b-4139-b691-0b0a50c0b9b8",
  "aiPersonaId": "086e94ad-5177-4c1c-9c2f-653838253829",
  "integrationId": "suggest-stocks-3172",
  "name": "Workflow for Suggest Stocks",
  "publisherAccountId": "72638163-e3b6-4677-b87d-4e36ed4bf664",
  "startTaskId": "e3a29a63-e23d-4d6c-be48-eb1a1d65ffb3",
  "status": "Active",
  "tasks": [
    {
      "_id": "e3a29a63-e23d-4d6c-be48-eb1a1d65ffb3",
      "transitions": [],
      "type": "Display",
      "config": {
        "name": "Display",
        "description": "Display the response to the user",
        "type": "text",
        "text": "Hi there! Intent $input.intent has been matched"
      }
    }
  ],
  "type": "Conversational",
  "version": "latest"
}