{
  "_id": "ffba3114-cf6e-43bc-aef0-a10bf32c55c0",
  "aiPersonaId": "086e94ad-5177-4c1c-9c2f-653838253829",
  "integrationId": "summarize-news-and-sector-insights-3172",
  "name": "Workflow for Summarize News and Sector Insights",
  "publisherAccountId": "72638163-e3b6-4677-b87d-4e36ed4bf664",
  "startTaskId": "147dc1a5-0437-4bed-bbaa-61e024e5edaa",
  "status": "Active",
  "tasks": [
    {
      "_id": "147dc1a5-0437-4bed-bbaa-61e024e5edaa",
      "transitions": [],
      "type": "Display",
      "config": {
        "name": "Display",
        "description": "Display the response to the user",
        "type": "text",
        "text": "Hi there! Intent $input.intent has been matched"
      }
    }
  ],
  "type": "Conversational",
  "version": "latest"
}