{
  "_id": "49246942-aa7b-4f24-b0f8-317c2a0e4a6c",
  "aiPersonaId": "2aa02c08-bba0-4afb-9422-51996402daa0",
  "integrationId": "basic-budgeting-tips-5384",
  "name": "Workflow for Basic Budgeting Tips",
  "publisherAccountId": "b2321f52-7eb8-4f55-adb9-a5d8d9906673",
  "startTaskId": "1743175062413",
  "status": "Active",
  "tasks": [
    {
      "_id": "badf10d1-54c1-467e-9b3e-e406e0b9820b",
      "type": "Display",
      "config": {
        "description": "Display the response to the user",
        "name": "Display",
        "type": "text",
        "text": "$agent.llm_response",
        "formatVariables": [],
        "rawText": "$agent.llm_response"
      },
      "transitions": []
    },
    {
      "_id": "1743175062413",
      "type": "Input",
      "config": {
        "description": "Take user input",
        "name": "Input",
        "type": "string"
      },
      "transitions": [
        {
          "name": "Default",
          "_id": "1743175062413-1743175667090",
          "nextTask": "1743175667090"
        }
      ],
      "globalVariables": [
        {
          "name": "monthly_income",
          "referencePath": "$output.userInput"
        }
      ]
    },
    {
      "_id": "1743175667090",
      "type": "Prompt",
      "config": {
        "description": "Prompt for LLM",
        "name": "Prompt",
        "modelId": "44a9dd9e-8729-4781-968c-07029dc857cc",
        "base64DocumentData": "",
        "documentIds": "",
        "responseFormat": "text",
        "query": "The user asked: {{ $agent.query }} Provide a clear and beginner-friendly response about budgeting.",
        "systemPrompt": "You are a Beginner Financial Support Chatbot. Your goal is to provide simple, clear, and actionable budgeting tips for people who are new to managing their finances. Use a friendly and encouraging tone, avoid jargon, and break down concepts into easy steps. If the user asks for something outside of budgeting (e.g., investing or taxes), politely redirect them to focus on budgeting basics.",
        "temperature": null
      },
      "transitions": [
        {
          "name": "Default",
          "_id": "1743175667090-badf10d1-54c1-467e-9b3e-e406e0b9820b",
          "nextTask": "badf10d1-54c1-467e-9b3e-e406e0b9820b"
        }
      ],
      "globalVariables": [
        {
          "name": "llm_response",
          "referencePath": "$output.content"
        }
      ]
    },
    {
      "_id": "1743219333002",
      "type": "Question",
      "config": {
        "description": "Add a question",
        "name": "Question",
        "questionId": "",
        "enableSmartResponse": false,
        "interactionType": "conversational"
      },
      "transitions": []
    },
    {
      "_id": "1743219415199",
      "type": "Output",
      "config": {
        "description": "Output messages in conversation",
        "name": "Output",
        "text": "",
        "type": "external",
        "formattingInstructions": ""
      },
      "transitions": []
    }
  ],
  "type": "Conversational",
  "version": "latest",
  "reactflow": {
    "viewport": {
      "x": -5.9784157207809585,
      "y": -35.21219707638983,
      "zoom": 0.7568461734962177
    },
    "nodes": [
      {
        "id": "0",
        "type": "Start",
        "position": {
          "x": 435,
          "y": 344
        },
        "data": {},
        "deletable": false,
        "measured": {
          "width": 320,
          "height": 176
        },
        "selected": false
      },
      {
        "position": {
          "x": 1423,
          "y": 387
        },
        "type": "Display",
        "id": "badf10d1-54c1-467e-9b3e-e406e0b9820b",
        "data": {},
        "measured": {
          "width": 298,
          "height": 78
        },
        "selected": false,
        "dragging": false
      },
      {
        "position": {
          "x": 797,
          "y": 393
        },
        "type": "Input",
        "id": "1743175062413",
        "data": {},
        "measured": {
          "width": 260,
          "height": 78
        },
        "selected": false,
        "dragging": false
      },
      {
        "position": {
          "x": 1107,
          "y": 393
        },
        "type": "Prompt",
        "id": "1743175667090",
        "data": {},
        "measured": {
          "width": 260,
          "height": 78
        },
        "selected": false,
        "dragging": false
      },
      {
        "position": {
          "x": 570,
          "y": 165
        },
        "type": "Question",
        "id": "1743219333002",
        "data": {},
        "measured": {
          "width": 260,
          "height": 78
        },
        "selected": false
      },
      {
        "position": {
          "x": 1107,
          "y": 237.04492528851392
        },
        "type": "Output",
        "id": "1743219415199",
        "data": {},
        "measured": {
          "width": 306,
          "height": 78
        },
        "selected": false,
        "dragging": false
      }
    ],
    "edges": [
      {
        "id": "0-1743175062413",
        "type": "Start",
        "source": "0",
        "target": "1743175062413",
        "markerEnd": {
          "type": "arrowclosed",
          "width": 22,
          "height": 22
        },
        "sourceHandle": "0-source-1",
        "targetHandle": "1743175062413-target-1",
        "selected": false
      },
      {
        "type": "Transition",
        "id": "1743175062413-1743175667090",
        "source": "1743175062413",
        "target": "1743175667090",
        "markerEnd": {
          "type": "arrowclosed",
          "width": 22,
          "height": 22
        },
        "sourceHandle": "1743175062413-source-1",
        "targetHandle": "1743175667090-target-1",
        "selected": false
      },
      {
        "type": "Transition",
        "id": "1743175667090-badf10d1-54c1-467e-9b3e-e406e0b9820b",
        "source": "1743175667090",
        "target": "badf10d1-54c1-467e-9b3e-e406e0b9820b",
        "markerEnd": {
          "type": "arrowclosed",
          "width": 22,
          "height": 22
        },
        "sourceHandle": "1743175667090-source-1",
        "targetHandle": "badf10d1-54c1-467e-9b3e-e406e0b9820b-target-1",
        "selected": false
      }
    ]
  }
}