{
  "_id": "66208ec1-046f-459e-a5ab-7dee149aee77",
  "aiPersonaId": "2aa02c08-bba0-4afb-9422-51996402daa0",
  "integrationId": "ma-financial-guidance-2537-primary-workflow-for-financial-guidance",
  "isMiniAgentPrimaryWorkflow": true,
  "name": "Primary Workflow for Financial Guidance",
  "publisherAccountId": "b2321f52-7eb8-4f55-adb9-a5d8d9906673",
  "startTaskId": "7a936f22-4183-468d-b960-4a2c494da768",
  "status": "Active",
  "tasks": [
    {
      "_id": "7a936f22-4183-468d-b960-4a2c494da768",
      "type": "PassThrough",
      "config": {
        "name": "Pass Through",
        "description": "Pass through the input to the output"
      },
      "transitions": [
        {
          "_id": "50b48a61-3667-4325-9e83-ab0f55fbf1e3-7a936f22-4183-468d-b960-4a2c494da768",
          "nextTask": "50b48a61-3667-4325-9e83-ab0f55fbf1e3",
          "name": "If query doesnt exists",
          "rules": [
            {
              "type": "any",
              "operator": "notExists",
              "path": "$output.query"
            }
          ]
        },
        {
          "_id": "2c18e0e7-b7b4-453a-9064-87ce5c1ad327-7a936f22-4183-468d-b960-4a2c494da768",
          "nextTask": "2c18e0e7-b7b4-453a-9064-87ce5c1ad327",
          "name": "If intents are already classified",
          "rules": [
            {
              "type": "any",
              "operator": "exists",
              "path": "$output.intents"
            },
            {
              "type": "any",
              "operator": "exists",
              "path": "$output.query"
            }
          ]
        },
        {
          "_id": "7a936f22-4183-468d-b960-4a2c494da768-63dc09b7-5c82-46c5-880a-abe0d6449958",
          "name": "If query exists",
          "nextTask": "63dc09b7-5c82-46c5-880a-abe0d6449958",
          "rules": [
            {
              "type": "any",
              "operator": "exists",
              "path": "$output.query"
            },
            {
              "type": "any",
              "operator": "notExists",
              "path": "$output.intents"
            }
          ]
        }
      ],
      "globalVariables": [
        {
          "name": "query",
          "referencePath": "$input.query"
        },
        {
          "name": "rawQuery",
          "referencePath": "$input.rawQuery"
        },
        {
          "name": "conversationId",
          "referencePath": "$input.conversationId"
        }
      ]
    },
    {
      "_id": "50b48a61-3667-4325-9e83-ab0f55fbf1e3",
      "type": "Input",
      "config": {
        "name": "User Input",
        "description": "Get user input",
        "type": "string"
      },
      "transitions": [
        {
          "_id": "50b48a61-3667-4325-9e83-ab0f55fbf1e3-63dc09b7-5c82-46c5-880a-abe0d6449958",
          "name": "Default",
          "nextTask": "63dc09b7-5c82-46c5-880a-abe0d6449958"
        }
      ],
      "globalVariables": [
        {
          "name": "query",
          "referencePath": "$output.userInput"
        },
        {
          "name": "rawQuery",
          "referencePath": "$output.userInput"
        },
        {
          "name": "selfLoopMiniAgent",
          "referencePath": "true"
        }
      ]
    },
    {
      "_id": "63dc09b7-5c82-46c5-880a-abe0d6449958",
      "type": "Loader",
      "config": {
        "name": "Loader",
        "description": "Display loader message",
        "type": "loader",
        "text": "Just a moment... identifying the best approach to assist you."
      },
      "transitions": [
        {
          "_id": "63dc09b7-5c82-46c5-880a-abe0d6449958-6f957730-22c9-4b2b-bde9-9fd9cdb88a8d",
          "name": "Default",
          "nextTask": "6f957730-22c9-4b2b-bde9-9fd9cdb88a8d"
        }
      ]
    },
    {
      "_id": "6f957730-22c9-4b2b-bde9-9fd9cdb88a8d",
      "type": "IntentClassification",
      "config": {
        "name": "Intent Classification",
        "description": "Classify the intent of the user message",
        "modelId": "44a9dd9e-8729-4781-968c-07029dc857cc",
        "intents": [
          {
            "name": "Basic Budgeting Tips",
            "description": "Offers simple and practical budgeting advice for beginners to help them manage their finances effectively.",
            "examples": [
              "Can you give me some budgeting tips?",
              "How do I start budgeting my expenses?",
              "What are some easy ways to save money?"
            ]
          },
          {
            "name": "Personalized Financial Advice",
            "description": "Adjusts financial advice based on the user's specific questions or context, such as their income level or financial goals.",
            "examples": [
              "I earn $3000 a month, how should I budget?",
              "What financial advice do you have for someone saving for a car?",
              "How can I manage my finances better with my current income?"
            ]
          }
        ],
        "query": "$agent.query"
      },
      "transitions": [
        {
          "_id": "6f957730-22c9-4b2b-bde9-9fd9cdb88a8d-2c18e0e7-b7b4-453a-9064-87ce5c1ad327",
          "name": "If Intent is Matched",
          "rules": [
            {
              "type": "string",
              "operator": "equal",
              "path": "$output.intentMatched",
              "value": "true"
            }
          ],
          "nextTask": "2c18e0e7-b7b4-453a-9064-87ce5c1ad327"
        },
        {
          "_id": "6f957730-22c9-4b2b-bde9-9fd9cdb88a8d-5d494f6c-71b2-40ae-8f7a-c86b3e3c6154",
          "name": "If No Intent is Matched",
          "rules": [
            {
              "type": "string",
              "operator": "equal",
              "path": "$output.intentMatched",
              "value": "false"
            }
          ],
          "nextTask": "5d494f6c-71b2-40ae-8f7a-c86b3e3c6154"
        }
      ]
    },
    {
      "_id": "2c18e0e7-b7b4-453a-9064-87ce5c1ad327",
      "type": "JSFunction",
      "config": {
        "name": "JS Function",
        "description": "Execute JS function",
        "code": "\nconst main = () => {\n    const currentExecutionId = _id;\n    const intents = agent?.icIntents?.[currentExecutionId] || input.intents;\n    const currentIndex = agent?.icLoopIndexes?.[currentExecutionId] || 0;\n    const currentIntent = intents[currentIndex] || {};\n    const { intent, task } = currentIntent;\n    const state = currentIndex === intents.length ? 'end' : 'continue'\n    const icLoopIndexes = { ...(agent?.icLoopIndexes || {}), [_id]: state === 'end' ? undefined : currentIndex + 1 };\n    const icIntents = { ...(agent?.icIntents || {}), [_id]: state === 'end' ? undefined : intents };\n    return { ...input, intent, state: currentIndex === intents.length ? 'end' : 'continue', icLoopIndexes, icIntents, query: task };\n};\n\nmain()\n"
      },
      "globalVariables": [
        {
          "referencePath": "$output.icLoopIndexes",
          "name": "icLoopIndexes"
        },
        {
          "referencePath": "$output.icIntents",
          "name": "icIntents"
        }
      ],
      "transitions": [
        {
          "_id": "2c18e0e7-b7b4-453a-9064-87ce5c1ad327-4fed1b50-58da-4302-8713-dff386a2b927",
          "name": "If Intent is Matched",
          "rules": [
            {
              "type": "string",
              "operator": "equal",
              "path": "$output.intent",
              "value": "Basic Budgeting Tips"
            }
          ],
          "nextTask": "4fed1b50-58da-4302-8713-dff386a2b927"
        },
        {
          "_id": "2c18e0e7-b7b4-453a-9064-87ce5c1ad327-28a54ddb-39b0-40ed-93e4-515105feb546",
          "name": "If Intent is Matched",
          "rules": [
            {
              "type": "string",
              "operator": "equal",
              "path": "$output.intent",
              "value": "Personalized Financial Advice"
            }
          ],
          "nextTask": "28a54ddb-39b0-40ed-93e4-515105feb546"
        },
        {
          "_id": "2c18e0e7-b7b4-453a-9064-87ce5c1ad327-50b48a61-3667-4325-9e83-ab0f55fbf1e3",
          "name": "If Self Loop",
          "rules": [
            {
              "type": "string",
              "operator": "equal",
              "path": "$agent.selfLoopMiniAgent",
              "value": "true"
            },
            {
              "type": "string",
              "operator": "equal",
              "path": "$output.state",
              "value": "end"
            }
          ],
          "nextTask": "50b48a61-3667-4325-9e83-ab0f55fbf1e3"
        }
      ]
    },
    {
      "_id": "4fed1b50-58da-4302-8713-dff386a2b927",
      "type": "Workflow",
      "config": {
        "name": "Intent - Basic Budgeting Tips",
        "description": "Workflow for intent - Basic Budgeting Tips",
        "workflowId": "49246942-aa7b-4f24-b0f8-317c2a0e4a6c"
      },
      "transitions": [
        {
          "_id": "4fed1b50-58da-4302-8713-dff386a2b927-2c18e0e7-b7b4-453a-9064-87ce5c1ad327",
          "name": "Mini agent execution completed",
          "nextTask": "2c18e0e7-b7b4-453a-9064-87ce5c1ad327"
        }
      ]
    },
    {
      "_id": "28a54ddb-39b0-40ed-93e4-515105feb546",
      "type": "Workflow",
      "config": {
        "name": "Intent - Personalized Financial Advice",
        "description": "Workflow for intent - Personalized Financial Advice",
        "workflowId": "7a05e01d-76aa-467b-ac0e-56921c0032a2"
      },
      "transitions": [
        {
          "_id": "28a54ddb-39b0-40ed-93e4-515105feb546-2c18e0e7-b7b4-453a-9064-87ce5c1ad327",
          "name": "Mini agent execution completed",
          "nextTask": "2c18e0e7-b7b4-453a-9064-87ce5c1ad327"
        }
      ]
    },
    {
      "_id": "5d494f6c-71b2-40ae-8f7a-c86b3e3c6154",
      "transitions": [
        {
          "_id": "5d494f6c-71b2-40ae-8f7a-c86b3e3c6154-50b48a61-3667-4325-9e83-ab0f55fbf1e3",
          "name": "If Self Loop",
          "rules": [
            {
              "type": "string",
              "operator": "equal",
              "path": "$agent.selfLoopMiniAgent",
              "value": "true"
            }
          ],
          "nextTask": "50b48a61-3667-4325-9e83-ab0f55fbf1e3"
        }
      ],
      "type": "Output",
      "config": {
        "name": "Output",
        "description": "Output the response to the user",
        "type": "external",
        "text": "Unable to complete task $agent.query"
      }
    },
    {
      "_id": "96d30800-6f23-4658-8d07-346649901c6b",
      "transitions": [
        {
          "_id": "96d30800-6f23-4658-8d07-346649901c6b-50b48a61-3667-4325-9e83-ab0f55fbf1e3",
          "name": "If Self Loop",
          "rules": [
            {
              "type": "string",
              "operator": "equal",
              "path": "$agent.selfLoopMiniAgent",
              "value": "true"
            }
          ],
          "nextTask": "50b48a61-3667-4325-9e83-ab0f55fbf1e3"
        }
      ],
      "type": "Display",
      "config": {
        "name": "Display",
        "description": "Display the response to the user",
        "type": "text",
        "text": "$input.content"
      }
    }
  ],
  "type": "Conversational",
  "version": "latest"
}