{
  "_id": "7a05e01d-76aa-467b-ac0e-56921c0032a2",
  "aiPersonaId": "2aa02c08-bba0-4afb-9422-51996402daa0",
  "integrationId": "personalized-financial-advice-5384",
  "name": "Workflow for Personalized Financial Advice",
  "publisherAccountId": "b2321f52-7eb8-4f55-adb9-a5d8d9906673",
  "startTaskId": "1743221989447",
  "status": "Active",
  "tasks": [
    {
      "_id": "a62f2585-df6c-43b4-9035-f4dfc4ebba26",
      "type": "Display",
      "config": {
        "description": "Display the response to the user",
        "name": "Display",
        "type": "reportSummary",
        "text": "<p><span class=\"text-inherit p-0 m-0 text-primary-dark bg-primary-light/80\" data-type=\"mention\" data-id=\"agent.Oresponse\">$agent.Oresponse</span> </p>",
        "formatVariables": [],
        "rawText": "$agent.Oresponse",
        "summaryContent": "$agent.Oresponse"
      },
      "transitions": []
    },
    {
      "_id": "1743221911161",
      "type": "Input",
      "config": {
        "description": "Take user input",
        "name": "Input",
        "type": "string"
      },
      "transitions": [
        {
          "name": "Default",
          "_id": "1743221911161-1743224466756",
          "nextTask": "1743224466756"
        }
      ],
      "globalVariables": [
        {
          "name": "monthly_income",
          "referencePath": "$output.userInput"
        }
      ]
    },
    {
      "_id": "1743221989447",
      "type": "Question",
      "config": {
        "description": "Add a question",
        "name": "Question",
        "questionId": "bba2e44f-46cb-4913-a7c1-bdd766b0b3e4",
        "enableSmartResponse": true,
        "interactionType": "conversational"
      },
      "transitions": [
        {
          "name": "Default",
          "_id": "1743221989447-1743221911161",
          "nextTask": "1743221911161"
        }
      ],
      "globalVariables": []
    },
    {
      "_id": "1743224466756",
      "type": "Prompt",
      "config": {
        "name": "Prompt",
        "description": "Prompt for LLM",
        "modelId": "6a2b7ea6-2140-4046-b62e-f13f1a2d2dd5",
        "base64DocumentData": "",
        "documentIds": "",
        "responseFormat": "text",
        "query": "$agent.query",
        "systemPrompt": "Design an AI-powered Personal Financial Advisor that provides beginner-friendly investment guidance based on the user’s monthly income. The agent should:\n\nAssess Financial Profile – Ask the user about their monthly income, basic expenses, savings, and risk appetite.\n\nSuggest Investment Options – Based on the user's disposable income, recommend beginner-friendly investments like fixed deposits, mutual funds, index funds, stocks, or SIPs, with clear justifications.\n\nRisk Management – Explain the risk-reward trade-off for different investments and suggest an optimal allocation (e.g., low-risk options for stability, higher-risk for growth).\n\nPersonalized Planning – Provide step-by-step guidance on how to start investing, including platforms to use, required documentation, and tax-saving opportunities.\n\nEducational Tips – Offer bite-sized financial literacy lessons on topics like compounding, inflation, and diversification to help the user build confidence in investing.\n\nEnsure that recommendations are simplified for a complete beginner and adaptable to different income levels. The agent should use a conversational and encouraging tone to make finance less intimidating",
        "temperature": null
      },
      "transitions": [
        {
          "name": "Default",
          "_id": "1743224466756-a62f2585-df6c-43b4-9035-f4dfc4ebba26",
          "nextTask": "a62f2585-df6c-43b4-9035-f4dfc4ebba26"
        }
      ],
      "globalVariables": [
        {
          "name": "Oresponse",
          "referencePath": "$output.content"
        }
      ]
    }
  ],
  "type": "Conversational",
  "version": "latest",
  "reactflow": {
    "viewport": {
      "x": -302.99719454776005,
      "y": 41.319348119204335,
      "zoom": 0.7617173513450816
    },
    "nodes": [
      {
        "id": "0",
        "type": "Start",
        "position": {
          "x": 283,
          "y": 224
        },
        "data": {},
        "deletable": false,
        "measured": {
          "width": 320,
          "height": 176
        },
        "selected": false
      },
      {
        "position": {
          "x": 1601.0662711809164,
          "y": 307.1369121717696
        },
        "type": "Display",
        "id": "a62f2585-df6c-43b4-9035-f4dfc4ebba26",
        "data": {},
        "measured": {
          "width": 298,
          "height": 78
        },
        "selected": false,
        "dragging": false
      },
      {
        "position": {
          "x": 953.741073651531,
          "y": 298
        },
        "type": "Input",
        "id": "1743221911161",
        "data": {},
        "measured": {
          "width": 260,
          "height": 78
        },
        "selected": false,
        "dragging": false
      },
      {
        "position": {
          "x": 654,
          "y": 276
        },
        "type": "Question",
        "id": "1743221989447",
        "data": {},
        "measured": {
          "width": 260,
          "height": 78
        },
        "selected": false,
        "dragging": false
      },
      {
        "id": "1743224466756",
        "type": "Prompt",
        "position": {
          "x": 1289.6614440693436,
          "y": 298
        },
        "data": {},
        "measured": {
          "width": 260,
          "height": 78
        },
        "selected": false,
        "dragging": false
      }
    ],
    "edges": [
      {
        "id": "0-1743221989447",
        "source": "0",
        "target": "1743221989447",
        "type": "Start",
        "markerEnd": {
          "type": "arrowclosed",
          "width": 22,
          "height": 22
        },
        "sourceHandle": "0-source-1",
        "targetHandle": "1743221989447-target-1",
        "selected": false
      },
      {
        "id": "1743221989447-1743221911161",
        "source": "1743221989447",
        "target": "1743221911161",
        "type": "Transition",
        "markerEnd": {
          "type": "arrowclosed",
          "width": 22,
          "height": 22
        },
        "sourceHandle": "1743221989447-source-1",
        "targetHandle": "1743221911161-target-1",
        "selected": false
      },
      {
        "id": "1743221911161-1743224466756",
        "source": "1743221911161",
        "target": "1743224466756",
        "type": "Transition",
        "markerEnd": {
          "type": "arrowclosed",
          "width": 22,
          "height": 22
        },
        "sourceHandle": "1743221911161-source-1",
        "targetHandle": "1743224466756-target-1",
        "selected": false
      },
      {
        "id": "1743224466756-a62f2585-df6c-43b4-9035-f4dfc4ebba26",
        "source": "1743224466756",
        "target": "a62f2585-df6c-43b4-9035-f4dfc4ebba26",
        "type": "Transition",
        "markerEnd": {
          "type": "arrowclosed",
          "width": 22,
          "height": 22
        },
        "sourceHandle": "1743224466756-source-1",
        "targetHandle": "a62f2585-df6c-43b4-9035-f4dfc4ebba26-target-1",
        "selected": false
      }
    ]
  }
}