{
  "_id": "2aa02c08-bba0-4afb-9422-51996402daa0",
  "inferenceEngine": {
    "modelId": "4cf651d9-edf3-455f-a22e-53cc67fcc07b"
  },
  "integrationId": "beginner-financial-support-chatbot-9459",
  "integrations": {},
  "intentClassification": {
    "modelId": "4cf651d9-edf3-455f-a22e-53cc67fcc07b"
  },
  "name": "Beginner Financial Support Chatbot",
  "publisherAccountId": "b2321f52-7eb8-4f55-adb9-a5d8d9906673",
  "status": "Active",
  "useAsChatbot": true,
  "variables": {
    "secrets": [],
    "agent": [
      "user_goal",
      "risk_tolerance",
      "preferred_sectors",
      "monthly_income",
      "llm_response",
      "question",
      "Oresponse"
    ]
  },
  "miniAgentIds": [
    "cb1f7cc5-82c6-4602-9807-2b04b6409c63"
  ],
  "miniAgents": [
    {
      "_id": "cb1f7cc5-82c6-4602-9807-2b04b6409c63",
      "integrationId": "financial-guidance-2537",
      "intents": [
        {
          "_id": "basic-budgeting-tips-2537",
          "name": "Basic Budgeting Tips",
          "description": "Offers simple and practical budgeting advice for beginners to help them manage their finances effectively.",
          "examples": [
            "Can you give me some budgeting tips?",
            "How do I start budgeting my expenses?",
            "What are some easy ways to save money?"
          ],
          "flowType": "Workflow",
          "workflowId": "49246942-aa7b-4f24-b0f8-317c2a0e4a6c"
        },
        {
          "_id": "personalized-financial-advice-2537",
          "name": "Personalized Financial Advice",
          "description": "Adjusts financial advice based on the user's specific questions or context, such as their income level or financial goals.",
          "examples": [
            "I earn $3000 a month, how should I budget?",
            "What financial advice do you have for someone saving for a car?",
            "How can I manage my finances better with my current income?"
          ],
          "flowType": "Workflow",
          "workflowId": "7a05e01d-76aa-467b-ac0e-56921c0032a2"
        }
      ],
      "name": "Financial Guidance",
      "scope": "Provides beginner-friendly financial advice, including basic budgeting tips, personalized advice based on user-specific questions or context such as income or financial goals, and generates adaptive responses that change based on user queries. Ensures all responses are clear, friendly, and concise, using a conversational tone.",
      "miniAgentId": "cb1f7cc5-82c6-4602-9807-2b04b6409c63"
    }
  ],
  "rags": [],
  "intentWorkflows": [
    {
      "_id": "49246942-aa7b-4f24-b0f8-317c2a0e4a6c",
      "integrationId": "basic-budgeting-tips-5384",
      "name": "Workflow for Basic Budgeting Tips"
    },
    {
      "_id": "7a05e01d-76aa-467b-ac0e-56921c0032a2",
      "integrationId": "personalized-financial-advice-5384",
      "name": "Workflow for Personalized Financial Advice"
    }
  ]
}