{
  "_id": "243788ac-da9e-4336-a5f1-964edc36f45b",
  "inferenceEngine": {
    "modelId": "4cf651d9-edf3-455f-a22e-53cc67fcc07b"
  },
  "integrationId": "goal-based-investment-advisor-8380",
  "integrations": {},
  "intentClassification": {
    "modelId": "4cf651d9-edf3-455f-a22e-53cc67fcc07b"
  },
  "name": "Goal-Based Investment Advisor",
  "publisherAccountId": "b2321f52-7eb8-4f55-adb9-a5d8d9906673",
  "status": "Active",
  "useAsChatbot": true,
  "variables": {
    "secrets": [],
    "agent": [
      "user_goal",
      "res"
    ]
  },
  "miniAgentIds": [
    "67ea9938-7f7e-4982-8547-4136659d5d25"
  ],
  "miniAgents": [
    {
      "_id": "67ea9938-7f7e-4982-8547-4136659d5d25",
      "integrationId": "investment-guidance-1013",
      "intents": [
        {
          "_id": "set-financial-goal-1014",
          "name": "Set Financial Goal",
          "description": "Assists users in defining and setting their financial goals, including the target amount, timeframe, and purpose of the goal.",
          "examples": [
            "I want to purchase a house in 8 years.",
            "I need to save for my child's education in 10 years.",
            "How do I set a goal to retire in 20 years?"
          ],
          "flowType": "Workflow",
          "workflowId": "452c73d1-8b94-4e86-a4dc-73fb12fc86c2"
        },
        {
          "_id": "recommend-investment-strategy-1014",
          "name": "Recommend Investment Strategy",
          "description": "Provides personalized investment recommendations to help users achieve their financial goals, including suggesting stocks or other investment options based on the user's risk tolerance and timeframe.",
          "examples": [
            "What stocks should I invest in to buy a house in 8 years?",
            "Can you recommend an investment strategy for my retirement goal?",
            "How should I invest to save for my child's education?"
          ],
          "flowType": "Workflow",
          "workflowId": "4d08b514-63f9-462b-9cb1-39fb9ed645c9"
        },
        {
          "_id": "track-goal-progress-1014",
          "name": "Track Goal Progress",
          "description": "Monitors and updates users on their progress towards achieving their financial goals, providing insights and adjustments to the investment strategy if needed.",
          "examples": [
            "How close am I to reaching my goal of buying a house?",
            "Is my investment strategy on track for retirement?",
            "What adjustments should I make to my investments to meet my goal?"
          ],
          "flowType": "Workflow",
          "workflowId": "b08aa9dd-1328-4b46-b9e1-871311627919"
        }
      ],
      "name": "Investment Guidance",
      "scope": "Handles queries related to setting financial goals, recommending investment strategies, and tracking progress towards achieving those goals. It provides personalized investment advice based on user-defined goals, such as purchasing a house, and suggests suitable stocks or investment options to meet the target within the specified timeframe.",
      "miniAgentId": "67ea9938-7f7e-4982-8547-4136659d5d25"
    }
  ],
  "rags": [],
  "intentWorkflows": [
    {
      "_id": "452c73d1-8b94-4e86-a4dc-73fb12fc86c2",
      "integrationId": "set-financial-goal-4113",
      "name": "Workflow for Set Financial Goal"
    },
    {
      "_id": "4d08b514-63f9-462b-9cb1-39fb9ed645c9",
      "integrationId": "recommend-investment-strategy-4114",
      "name": "Workflow for Recommend Investment Strategy"
    },
    {
      "_id": "b08aa9dd-1328-4b46-b9e1-871311627919",
      "integrationId": "track-goal-progress-4114",
      "name": "Workflow for Track Goal Progress"
    }
  ]
}