{
  "_id": "086e94ad-5177-4c1c-9c2f-653838253829",
  "inferenceEngine": {
    "modelId": "4cf651d9-edf3-455f-a22e-53cc67fcc07b"
  },
  "integrationId": "investment-assistant-8808",
  "integrations": {},
  "intentClassification": {
    "modelId": "4cf651d9-edf3-455f-a22e-53cc67fcc07b"
  },
  "name": "Investment Assistant",
  "publisherAccountId": "72638163-e3b6-4677-b87d-4e36ed4bf664",
  "status": "Active",
  "useAsChatbot": true,
  "variables": {
    "secrets": [
      {
        "_id": "a5eb82a7-f566-400f-8460-f13612dbb261",
        "name": "ALPHA_VANTAGE_API_KEY",
        "value": "PQKVR7CR8E1C90JI",
        "type": "string",
        "secured": false
      }
    ],
    "agent": [
      "symbol",
      "stock_symbol",
      "api_interval",
      "last_refreshed",
      "current_price",
      "api_response"
    ]
  },
  "miniAgentIds": [
    "48ed859f-bd00-421d-81c7-95f227e63d9f"
  ],
  "miniAgents": [
    {
      "_id": "48ed859f-bd00-421d-81c7-95f227e63d9f",
      "integrationId": "investment-advisory-1342",
      "intents": [
        {
          "_id": "fetch-real-time-stock-data-1342",
          "name": "Fetch Real-Time Stock Data",
          "description": "Retrieves the latest stock data and trends using the Alpha Vantage API.",
          "examples": [
            "Get the latest stock prices for Apple.",
            "What are the current trends in the tech sector?",
            "Fetch real-time data for Tesla stocks."
          ],
          "flowType": "Workflow",
          "workflowId": "10a478d3-5dec-48c6-9f17-2dd36c2e7898"
        },
        {
          "_id": "suggest-stocks-1342",
          "name": "Suggest Stocks",
          "description": "Recommends stocks based on the user's risk appetite and current market conditions using XGBoost and UPTIQ RAG Model.",
          "examples": [
            "Suggest some low-risk stocks for me.",
            "What stocks should I invest in given the current market?",
            "Recommend stocks for a high-risk portfolio."
          ],
          "flowType": "Workflow",
          "workflowId": "7c7aee40-992b-4139-b691-0b0a50c0b9b8"
        },
        {
          "_id": "summarize-news-and-sector-insights-1342",
          "name": "Summarize News and Sector Insights",
          "description": "Provides summaries of the latest news and insights into various market sectors.",
          "examples": [
            "Summarize the latest news in the energy sector.",
            "What are the key insights from today's market news?",
            "Give me a summary of tech industry news."
          ],
          "flowType": "Workflow",
          "workflowId": "ffba3114-cf6e-43bc-aef0-a10bf32c55c0"
        },
        {
          "_id": "assess-portfolio-risk-1342",
          "name": "Assess Portfolio Risk",
          "description": "Analyzes the user's portfolio to assess risk using AI-driven analysis.",
          "examples": [
            "Assess the risk of my current investment portfolio.",
            "How risky is my stock portfolio?",
            "Analyze my investments for potential risks."
          ],
          "flowType": "Workflow",
          "workflowId": "e0e63d5f-70fe-4759-9d52-85b3a2dc1754"
        },
        {
          "_id": "explain-recommendations-1342",
          "name": "Explain Recommendations",
          "description": "Explains stock recommendations using technical and fundamental factors in simple terms.",
          "examples": [
            "Why do you recommend investing in Amazon?",
            "Explain the reasoning behind your stock suggestions.",
            "What technical factors support your stock recommendation?"
          ],
          "flowType": "Workflow",
          "workflowId": "0d570920-559a-49bf-ad5b-6325b1e31328"
        }
      ],
      "name": "Investment Advisory",
      "scope": "Handles all tasks related to investment assistance, including fetching real-time stock data, suggesting stocks based on user risk appetite and market conditions, summarizing news and sector insights, assessing portfolio risk, and explaining recommendations using technical and fundamental factors.",
      "miniAgentId": "48ed859f-bd00-421d-81c7-95f227e63d9f"
    }
  ],
  "rags": [],
  "intentWorkflows": [
    {
      "_id": "0d570920-559a-49bf-ad5b-6325b1e31328",
      "integrationId": "explain-recommendations-3172",
      "name": "Workflow for Explain Recommendations"
    },
    {
      "_id": "10a478d3-5dec-48c6-9f17-2dd36c2e7898",
      "integrationId": "fetch-real-time-stock-data-3171",
      "name": "Workflow for Fetch Real-Time Stock Data"
    },
    {
      "_id": "7c7aee40-992b-4139-b691-0b0a50c0b9b8",
      "integrationId": "suggest-stocks-3172",
      "name": "Workflow for Suggest Stocks"
    },
    {
      "_id": "e0e63d5f-70fe-4759-9d52-85b3a2dc1754",
      "integrationId": "assess-portfolio-risk-3172",
      "name": "Workflow for Assess Portfolio Risk"
    },
    {
      "_id": "ffba3114-cf6e-43bc-aef0-a10bf32c55c0",
      "integrationId": "summarize-news-and-sector-insights-3172",
      "name": "Workflow for Summarize News and Sector Insights"
    }
  ]
}