{
  "_id": "9d3f1180-16b4-4c4a-8102-1fa21945b744",
  "aiPersonaId": "243788ac-da9e-4336-a5f1-964edc36f45b",
  "integrationId": "ma-investment-guidance-1013-primary-workflow-for-investment-guidance",
  "isMiniAgentPrimaryWorkflow": true,
  "name": "Primary Workflow for Investment Guidance",
  "publisherAccountId": "b2321f52-7eb8-4f55-adb9-a5d8d9906673",
  "startTaskId": "7cefe673-c191-4ad7-8c1e-22b5b8abf996",
  "status": "Active",
  "tasks": [
    {
      "_id": "7cefe673-c191-4ad7-8c1e-22b5b8abf996",
      "type": "PassThrough",
      "config": {
        "name": "Pass Through",
        "description": "Pass through the input to the output"
      },
      "transitions": [
        {
          "_id": "52c657cb-d609-4f85-a261-64871e6eb0e0-7cefe673-c191-4ad7-8c1e-22b5b8abf996",
          "nextTask": "52c657cb-d609-4f85-a261-64871e6eb0e0",
          "name": "If query doesnt exists",
          "rules": [
            {
              "type": "any",
              "operator": "notExists",
              "path": "$output.query"
            }
          ]
        },
        {
          "_id": "b7c25a25-7139-4565-9386-bff5d48dce5c-7cefe673-c191-4ad7-8c1e-22b5b8abf996",
          "nextTask": "b7c25a25-7139-4565-9386-bff5d48dce5c",
          "name": "If intents are already classified",
          "rules": [
            {
              "type": "any",
              "operator": "exists",
              "path": "$output.intents"
            },
            {
              "type": "any",
              "operator": "exists",
              "path": "$output.query"
            }
          ]
        },
        {
          "_id": "7cefe673-c191-4ad7-8c1e-22b5b8abf996-73609e0c-3e3d-4851-b0c1-94c7fa289c4b",
          "name": "If query exists",
          "nextTask": "73609e0c-3e3d-4851-b0c1-94c7fa289c4b",
          "rules": [
            {
              "type": "any",
              "operator": "exists",
              "path": "$output.query"
            },
            {
              "type": "any",
              "operator": "notExists",
              "path": "$output.intents"
            }
          ]
        }
      ],
      "globalVariables": [
        {
          "name": "query",
          "referencePath": "$input.query"
        },
        {
          "name": "rawQuery",
          "referencePath": "$input.rawQuery"
        },
        {
          "name": "conversationId",
          "referencePath": "$input.conversationId"
        }
      ]
    },
    {
      "_id": "52c657cb-d609-4f85-a261-64871e6eb0e0",
      "type": "Input",
      "config": {
        "name": "User Input",
        "description": "Get user input",
        "type": "string"
      },
      "transitions": [
        {
          "_id": "52c657cb-d609-4f85-a261-64871e6eb0e0-73609e0c-3e3d-4851-b0c1-94c7fa289c4b",
          "name": "Default",
          "nextTask": "73609e0c-3e3d-4851-b0c1-94c7fa289c4b"
        }
      ],
      "globalVariables": [
        {
          "name": "query",
          "referencePath": "$output.userInput"
        },
        {
          "name": "rawQuery",
          "referencePath": "$output.userInput"
        },
        {
          "name": "selfLoopMiniAgent",
          "referencePath": "true"
        }
      ]
    },
    {
      "_id": "73609e0c-3e3d-4851-b0c1-94c7fa289c4b",
      "type": "Loader",
      "config": {
        "name": "Loader",
        "description": "Display loader message",
        "type": "loader",
        "text": "Just a moment... identifying the best approach to assist you."
      },
      "transitions": [
        {
          "_id": "73609e0c-3e3d-4851-b0c1-94c7fa289c4b-7394f2be-9ada-4b89-b966-7930be1584a4",
          "name": "Default",
          "nextTask": "7394f2be-9ada-4b89-b966-7930be1584a4"
        }
      ]
    },
    {
      "_id": "7394f2be-9ada-4b89-b966-7930be1584a4",
      "type": "IntentClassification",
      "config": {
        "name": "Intent Classification",
        "description": "Classify the intent of the user message",
        "modelId": "4cf651d9-edf3-455f-a22e-53cc67fcc07b",
        "intents": [
          {
            "name": "Set Financial Goal",
            "description": "Assists users in defining and setting their financial goals, including the target amount, timeframe, and purpose of the goal.",
            "examples": [
              "I want to purchase a house in 8 years.",
              "I need to save for my child's education in 10 years.",
              "How do I set a goal to retire in 20 years?"
            ]
          },
          {
            "name": "Recommend Investment Strategy",
            "description": "Provides personalized investment recommendations to help users achieve their financial goals, including suggesting stocks or other investment options based on the user's risk tolerance and timeframe.",
            "examples": [
              "What stocks should I invest in to buy a house in 8 years?",
              "Can you recommend an investment strategy for my retirement goal?",
              "How should I invest to save for my child's education?"
            ]
          },
          {
            "name": "Track Goal Progress",
            "description": "Monitors and updates users on their progress towards achieving their financial goals, providing insights and adjustments to the investment strategy if needed.",
            "examples": [
              "How close am I to reaching my goal of buying a house?",
              "Is my investment strategy on track for retirement?",
              "What adjustments should I make to my investments to meet my goal?"
            ]
          }
        ],
        "query": "$agent.query"
      },
      "transitions": [
        {
          "_id": "7394f2be-9ada-4b89-b966-7930be1584a4-b7c25a25-7139-4565-9386-bff5d48dce5c",
          "name": "If Intent is Matched",
          "rules": [
            {
              "type": "string",
              "operator": "equal",
              "path": "$output.intentMatched",
              "value": "true"
            }
          ],
          "nextTask": "b7c25a25-7139-4565-9386-bff5d48dce5c"
        },
        {
          "_id": "7394f2be-9ada-4b89-b966-7930be1584a4-e0a302a1-c62e-4e8a-b857-84b4cff48340",
          "name": "If No Intent is Matched",
          "rules": [
            {
              "type": "string",
              "operator": "equal",
              "path": "$output.intentMatched",
              "value": "false"
            }
          ],
          "nextTask": "e0a302a1-c62e-4e8a-b857-84b4cff48340"
        }
      ]
    },
    {
      "_id": "b7c25a25-7139-4565-9386-bff5d48dce5c",
      "type": "JSFunction",
      "config": {
        "name": "JS Function",
        "description": "Execute JS function",
        "code": "\nconst main = () => {\n    const currentExecutionId = _id;\n    const intents = agent?.icIntents?.[currentExecutionId] || input.intents;\n    const currentIndex = agent?.icLoopIndexes?.[currentExecutionId] || 0;\n    const currentIntent = intents[currentIndex] || {};\n    const { intent, task } = currentIntent;\n    const state = currentIndex === intents.length ? 'end' : 'continue'\n    const icLoopIndexes = { ...(agent?.icLoopIndexes || {}), [_id]: state === 'end' ? undefined : currentIndex + 1 };\n    const icIntents = { ...(agent?.icIntents || {}), [_id]: state === 'end' ? undefined : intents };\n    return { ...input, intent, state: currentIndex === intents.length ? 'end' : 'continue', icLoopIndexes, icIntents, query: task };\n};\n\nmain()\n"
      },
      "globalVariables": [
        {
          "referencePath": "$output.icLoopIndexes",
          "name": "icLoopIndexes"
        },
        {
          "referencePath": "$output.icIntents",
          "name": "icIntents"
        }
      ],
      "transitions": [
        {
          "_id": "b7c25a25-7139-4565-9386-bff5d48dce5c-ae2d3746-efaf-452f-bf01-638bd8cb2d3f",
          "name": "If Intent is Matched",
          "rules": [
            {
              "type": "string",
              "operator": "equal",
              "path": "$output.intent",
              "value": "Set Financial Goal"
            }
          ],
          "nextTask": "ae2d3746-efaf-452f-bf01-638bd8cb2d3f"
        },
        {
          "_id": "b7c25a25-7139-4565-9386-bff5d48dce5c-34810da5-8de3-435a-85bc-167b61ec0c1f",
          "name": "If Intent is Matched",
          "rules": [
            {
              "type": "string",
              "operator": "equal",
              "path": "$output.intent",
              "value": "Recommend Investment Strategy"
            }
          ],
          "nextTask": "34810da5-8de3-435a-85bc-167b61ec0c1f"
        },
        {
          "_id": "b7c25a25-7139-4565-9386-bff5d48dce5c-a347ec9d-0c67-41f7-9a53-ebf1fef684bd",
          "name": "If Intent is Matched",
          "rules": [
            {
              "type": "string",
              "operator": "equal",
              "path": "$output.intent",
              "value": "Track Goal Progress"
            }
          ],
          "nextTask": "a347ec9d-0c67-41f7-9a53-ebf1fef684bd"
        },
        {
          "_id": "b7c25a25-7139-4565-9386-bff5d48dce5c-52c657cb-d609-4f85-a261-64871e6eb0e0",
          "name": "If Self Loop",
          "rules": [
            {
              "type": "string",
              "operator": "equal",
              "path": "$agent.selfLoopMiniAgent",
              "value": "true"
            },
            {
              "type": "string",
              "operator": "equal",
              "path": "$output.state",
              "value": "end"
            }
          ],
          "nextTask": "52c657cb-d609-4f85-a261-64871e6eb0e0"
        }
      ]
    },
    {
      "_id": "ae2d3746-efaf-452f-bf01-638bd8cb2d3f",
      "type": "Workflow",
      "config": {
        "name": "Intent - Set Financial Goal",
        "description": "Workflow for intent - Set Financial Goal",
        "workflowId": "452c73d1-8b94-4e86-a4dc-73fb12fc86c2"
      },
      "transitions": [
        {
          "_id": "ae2d3746-efaf-452f-bf01-638bd8cb2d3f-b7c25a25-7139-4565-9386-bff5d48dce5c",
          "name": "Mini agent execution completed",
          "nextTask": "b7c25a25-7139-4565-9386-bff5d48dce5c"
        }
      ]
    },
    {
      "_id": "34810da5-8de3-435a-85bc-167b61ec0c1f",
      "type": "Workflow",
      "config": {
        "name": "Intent - Recommend Investment Strategy",
        "description": "Workflow for intent - Recommend Investment Strategy",
        "workflowId": "4d08b514-63f9-462b-9cb1-39fb9ed645c9"
      },
      "transitions": [
        {
          "_id": "34810da5-8de3-435a-85bc-167b61ec0c1f-b7c25a25-7139-4565-9386-bff5d48dce5c",
          "name": "Mini agent execution completed",
          "nextTask": "b7c25a25-7139-4565-9386-bff5d48dce5c"
        }
      ]
    },
    {
      "_id": "a347ec9d-0c67-41f7-9a53-ebf1fef684bd",
      "type": "Workflow",
      "config": {
        "name": "Intent - Track Goal Progress",
        "description": "Workflow for intent - Track Goal Progress",
        "workflowId": "b08aa9dd-1328-4b46-b9e1-871311627919"
      },
      "transitions": [
        {
          "_id": "a347ec9d-0c67-41f7-9a53-ebf1fef684bd-b7c25a25-7139-4565-9386-bff5d48dce5c",
          "name": "Mini agent execution completed",
          "nextTask": "b7c25a25-7139-4565-9386-bff5d48dce5c"
        }
      ]
    },
    {
      "_id": "e0a302a1-c62e-4e8a-b857-84b4cff48340",
      "transitions": [
        {
          "_id": "e0a302a1-c62e-4e8a-b857-84b4cff48340-52c657cb-d609-4f85-a261-64871e6eb0e0",
          "name": "If Self Loop",
          "rules": [
            {
              "type": "string",
              "operator": "equal",
              "path": "$agent.selfLoopMiniAgent",
              "value": "true"
            }
          ],
          "nextTask": "52c657cb-d609-4f85-a261-64871e6eb0e0"
        }
      ],
      "type": "Output",
      "config": {
        "name": "Output",
        "description": "Output the response to the user",
        "type": "external",
        "text": "Unable to complete task $agent.query"
      }
    },
    {
      "_id": "b6b604ac-18cc-4712-ab80-caa9f83942fd",
      "transitions": [
        {
          "_id": "b6b604ac-18cc-4712-ab80-caa9f83942fd-52c657cb-d609-4f85-a261-64871e6eb0e0",
          "name": "If Self Loop",
          "rules": [
            {
              "type": "string",
              "operator": "equal",
              "path": "$agent.selfLoopMiniAgent",
              "value": "true"
            }
          ],
          "nextTask": "52c657cb-d609-4f85-a261-64871e6eb0e0"
        }
      ],
      "type": "Display",
      "config": {
        "name": "Display",
        "description": "Display the response to the user",
        "type": "text",
        "text": "$input.content"
      }
    }
  ],
  "type": "Conversational",
  "version": "latest"
}