{
  "_id": "4d08b514-63f9-462b-9cb1-39fb9ed645c9",
  "aiPersonaId": "243788ac-da9e-4336-a5f1-964edc36f45b",
  "integrationId": "recommend-investment-strategy-4114",
  "name": "Workflow for Recommend Investment Strategy",
  "publisherAccountId": "b2321f52-7eb8-4f55-adb9-a5d8d9906673",
  "startTaskId": "8f447d7b-949c-4bf0-a62d-238cd387f3eb",
  "status": "Active",
  "tasks": [
    {
      "_id": "8f447d7b-949c-4bf0-a62d-238cd387f3eb",
      "transitions": [],
      "type": "Display",
      "config": {
        "name": "Display",
        "description": "Display the response to the user",
        "type": "text",
        "text": "Hi there! Intent $input.intent has been matched"
      }
    }
  ],
  "type": "Conversational",
  "version": "latest"
}