{
  "_id": "452c73d1-8b94-4e86-a4dc-73fb12fc86c2",
  "aiPersonaId": "243788ac-da9e-4336-a5f1-964edc36f45b",
  "integrationId": "set-financial-goal-4113",
  "name": "Workflow for Set Financial Goal",
  "publisherAccountId": "b2321f52-7eb8-4f55-adb9-a5d8d9906673",
  "startTaskId": "1743230040813",
  "status": "Active",
  "tasks": [
    {
      "_id": "1743230010291",
      "type": "Input",
      "config": {
        "description": "Take user input",
        "name": "Input",
        "type": "string"
      },
      "transitions": [
        {
          "name": "Default",
          "_id": "1743230010291-1743230420879",
          "nextTask": "1743230420879"
        }
      ],
      "globalVariables": [
        {
          "name": "user_goal",
          "referencePath": "$output.userInput"
        }
      ]
    },
    {
      "_id": "1743230040813",
      "type": "Question",
      "config": {
        "description": "Add a question",
        "name": "Question",
        "questionId": "7580c555-d126-4fa7-a157-085ecd07c6ce",
        "enableSmartResponse": true,
        "interactionType": "conversational"
      },
      "transitions": [
        {
          "name": "Default",
          "_id": "1743230040813-1743230010291",
          "nextTask": "1743230010291"
        }
      ],
      "globalVariables": []
    },
    {
      "_id": "1743230420879",
      "type": "Prompt",
      "config": {
        "description": "Prompt for LLM",
        "name": "Prompt",
        "modelId": "6a2b7ea6-2140-4046-b62e-f13f1a2d2dd5",
        "base64DocumentData": "",
        "documentIds": "",
        "responseFormat": "text",
        "query": "$agent.query",
        "systemPrompt": "You are a Goal-Based Financial Advisor AI that helps users achieve financial goals (e.g., buying a house in 8 years) by recommending optimal investment strategies based on their risk tolerance, budget, and timeline.\n\nInstructions:\n\nUnderstand User Goal – Extract timeline, budget, and risk preference.\n\nAnalyze Market Data – Fetch real-time financial trends.\n\nSuggest Investments – Recommend stocks, ETFs, or asset allocations.\n\nExplain Strategy – Provide reasons and expected returns.\n\nGuide Execution – Suggest platforms for investment.\n\nExample Output:\n\"To buy a house in 8 years, invest 60% in ETFs (e.g., VOO, QQQ), 30% in bonds, and 10% in REITs for steady returns. Use platforms like Vanguard or Fidelity to execute.\nCan you provide detailed info and suggest names of stocks which they should invest in. Also display the plot of how the investment will increase over time.",
        "temperature": null
      },
      "transitions": [
        {
          "name": "Default",
          "_id": "1743230420879-1743236060441",
          "nextTask": "1743236060441"
        }
      ],
      "globalVariables": [
        {
          "name": "res",
          "referencePath": "$output.content"
        }
      ]
    },
    {
      "_id": "1743236060441",
      "type": "Display",
      "config": {
        "description": "Show data",
        "name": "Display",
        "type": "chart",
        "text": "",
        "rawText": "",
        "formatVariables": [],
        "summaryContent": "$agent.res",
        "label": "",
        "chartConfig": ""
      },
      "transitions": []
    }
  ],
  "type": "Conversational",
  "version": "latest",
  "reactflow": {
    "viewport": {
      "x": -271.3652133516057,
      "y": -3.7565593965806556,
      "zoom": 0.819602284751877
    },
    "nodes": [
      {
        "id": "0",
        "type": "Start",
        "position": {
          "x": 297.7171651967644,
          "y": 254.96293905480297
        },
        "data": {},
        "deletable": false,
        "measured": {
          "width": 320,
          "height": 176
        },
        "selected": false
      },
      {
        "position": {
          "x": 962,
          "y": 304
        },
        "type": "Input",
        "id": "1743230010291",
        "data": {},
        "measured": {
          "width": 260,
          "height": 78
        },
        "selected": false,
        "dragging": false
      },
      {
        "position": {
          "x": 660,
          "y": 304
        },
        "type": "Question",
        "id": "1743230040813",
        "data": {},
        "measured": {
          "width": 260,
          "height": 78
        },
        "selected": false,
        "dragging": false
      },
      {
        "position": {
          "x": 1282.1039888918544,
          "y": 304
        },
        "type": "Prompt",
        "id": "1743230420879",
        "data": {},
        "measured": {
          "width": 260,
          "height": 78
        },
        "selected": false,
        "dragging": false
      },
      {
        "position": {
          "x": 1681.2911627000497,
          "y": 304
        },
        "type": "Display",
        "id": "1743236060441",
        "data": {},
        "measured": {
          "width": 260,
          "height": 78
        },
        "selected": false,
        "dragging": false
      }
    ],
    "edges": [
      {
        "id": "0-1743230040813",
        "type": "Start",
        "source": "0",
        "target": "1743230040813",
        "markerEnd": {
          "type": "arrowclosed",
          "width": 22,
          "height": 22
        },
        "sourceHandle": "0-source-1",
        "targetHandle": "1743230040813-target-1",
        "selected": false
      },
      {
        "type": "Transition",
        "id": "1743230010291-1743230420879",
        "source": "1743230010291",
        "target": "1743230420879",
        "markerEnd": {
          "type": "arrowclosed",
          "width": 22,
          "height": 22
        },
        "sourceHandle": "1743230010291-source-1",
        "targetHandle": "1743230420879-target-1",
        "selected": false
      },
      {
        "type": "Transition",
        "id": "1743230040813-1743230010291",
        "source": "1743230040813",
        "target": "1743230010291",
        "markerEnd": {
          "type": "arrowclosed",
          "width": 22,
          "height": 22
        },
        "sourceHandle": "1743230040813-source-1",
        "targetHandle": "1743230010291-target-1",
        "selected": false
      },
      {
        "type": "Transition",
        "id": "1743230420879-1743236060441",
        "source": "1743230420879",
        "target": "1743236060441",
        "markerEnd": {
          "type": "arrowclosed",
          "width": 22,
          "height": 22
        },
        "sourceHandle": "1743230420879-source-1",
        "targetHandle": "1743236060441-target-1",
        "selected": false
      }
    ]
  }
}