{
  "_id": "b08aa9dd-1328-4b46-b9e1-871311627919",
  "aiPersonaId": "243788ac-da9e-4336-a5f1-964edc36f45b",
  "integrationId": "track-goal-progress-4114",
  "name": "Workflow for Track Goal Progress",
  "publisherAccountId": "b2321f52-7eb8-4f55-adb9-a5d8d9906673",
  "startTaskId": "7decc3f8-547c-4e3a-95aa-097b92a3fc20",
  "status": "Active",
  "tasks": [
    {
      "_id": "7decc3f8-547c-4e3a-95aa-097b92a3fc20",
      "transitions": [],
      "type": "Display",
      "config": {
        "name": "Display",
        "description": "Display the response to the user",
        "type": "text",
        "text": "Hi there! Intent $input.intent has been matched"
      }
    }
  ],
  "type": "Conversational",
  "version": "latest"
}